sample_ts_UTC,pre_post,sample_event,sample_id,DOC_trios,DOC_sww,DOC_NPOC,Au254nm,Au400nm,Au465nm,Au665nm,pH
15/03/2013 11:00,1,1,1,16.317,NA,NA,1.294,0.211,0.112,0.06,4.57
15/03/2013 12:00,1,1,2,16.83,NA,NA,1.288,0.21,0.111,0.059,4.59
15/03/2013 13:00,1,1,3,15.614,NA,NA,1.233,0.203,0.108,0.059,4.55
15/03/2013 14:00,1,1,4,14.092,9.1,NA,1.179,0.193,0.104,0.058,4.61
15/03/2013 15:00,1,1,5,12.346,8.5,NA,1.076,0.18,0.099,0.058,4.69
15/03/2013 16:00,1,1,6,10.986,NA,NA,1.012,0.172,0.096,0.057,4.71
15/03/2013 17:00,1,1,7,10.679,NA,NA,0.973,0.167,0.094,0.057,4.67
15/03/2013 18:00,1,1,8,10.796,NA,NA,0.953,0.17,0.096,0.057,4.76
15/03/2013 19:00,1,1,9,10.491,NA,NA,0.927,0.161,0.092,0.057,4.7
15/03/2013 20:00,1,1,10,10.26833333,NA,NA,0.924,0.160666667,0.092,0.056666667,4.8
15/03/2013 21:00,1,1,11,10.473,NA,NA,0.911,0.159,0.092,0.057,4.72
15/03/2013 22:00,1,1,12,9.7056,NA,NA,0.886,0.156,0.09,0.057,4.76
15/03/2013 23:00,1,1,13,9.5519,NA,NA,0.867,0.153,0.089,0.056,4.82
16/03/2013 00:00,1,1,14,9.5719,9.1,NA,0.856,0.152,0.089,0.056,4.77
16/03/2013 01:00,1,1,15,9.2119,NA,NA,0.822,0.149,0.089,0.057,4.72
16/03/2013 02:00,1,1,16,8.4521,NA,NA,0.773,0.143,0.086,0.056,4.87
16/03/2013 03:00,1,1,17,7.9258,NA,NA,0.757,0.14,0.085,0.056,4.82
16/03/2013 04:00,1,1,18,8.2707,NA,NA,0.756,0.141,0.084,0.056,4.84
16/03/2013 05:00,1,1,19,8.449,NA,NA,0.767,0.142,0.085,0.056,4.85
16/03/2013 06:00,1,1,20,8.561,NA,NA,0.784,0.145,0.087,0.056,4.84
16/03/2013 07:00,1,1,21,8.8241,NA,NA,0.802,0.148,0.088,0.056,4.85
16/03/2013 08:00,1,1,22,9.1059,NA,NA,0.815,0.149,0.088,0.056,4.61
16/03/2013 09:00,1,1,23,9.4445,NA,NA,0.847,0.152,0.089,0.056,4.76
16/03/2013 10:00,1,1,24,9.7965,NA,NA,0.876,0.158,0.092,0.057,4.82
21/03/2013 15:00,1,2,1,10.041,NA,NA,1.362,0.225,0.118,0.06,4.62
21/03/2013 16:00,1,2,2,19.5,NA,NA,1.356,0.223,0.117,0.059,4.61
21/03/2013 17:00,1,2,3,19.187,NA,NA,1.348,0.223,0.117,0.06,4.62
21/03/2013 18:00,1,2,4,17.332,NA,NA,1.326,0.219,0.115,0.059,4.63
21/03/2013 19:00,1,2,5,14.689,NA,NA,1.28,0.213,0.113,0.059,4.67
21/03/2013 20:00,1,2,6,12.622,NA,NA,1.195,0.202,0.109,0.058,4.69
21/03/2013 21:00,1,2,7,12.94,NA,NA,1.142333333,0.195,0.106666667,0.058666667,4.68
21/03/2013 22:00,1,2,8,10.427,NA,NA,1.072,0.186,0.103,0.058,4.78
21/03/2013 23:00,1,2,9,9.3465,NA,NA,0.964,0.169,0.096,0.057,4.78
22/03/2013 00:00,1,2,10,9.3262,NA,NA,0.929,0.168,0.096,0.058,4.77
22/03/2013 01:00,1,2,11,10.243,NA,NA,0.892,0.162,0.093,0.056,4.79
22/03/2013 02:00,1,2,12,11.694,NA,NA,0.922,0.165,0.095,0.057,4.78
22/03/2013 03:00,1,2,13,11.993,NA,NA,0.925,0.167,0.096,0.057,4.8
22/03/2013 04:00,1,2,14,12.142,NA,NA,0.937,0.168,0.097,0.057,4.81
22/03/2013 05:00,1,2,15,10.71,NA,NA,0.928,0.167,0.096,0.057,4.81
22/03/2013 06:00,1,2,16,9.4011,NA,NA,0.903,0.166,0.096,0.057,4.8
22/03/2013 07:00,1,2,17,8.9205,NA,NA,0.851,0.158,0.092,0.057,4.81
22/03/2013 08:00,1,2,18,9.7099,NA,NA,0.842,0.158,0.093,0.057,4.82
22/03/2013 09:00,1,2,19,9.7994,NA,NA,0.849,0.161,0.096,0.058,4.78
22/03/2013 10:00,1,2,20,10.747,NA,NA,0.859,0.164,0.097,0.058,4.75
22/03/2013 11:00,1,2,21,10.626,NA,NA,0.849,0.158,0.093,0.057,4.77
22/03/2013 12:00,1,2,22,10.107,NA,NA,0.845,0.16,0.094,0.057,4.74
22/03/2013 13:00,1,2,23,9.8498,NA,NA,0.847,0.162,0.096,0.058,4.68
22/03/2013 14:00,1,2,24,11.484,NA,NA,0.841,0.156,0.092,0.056,4.7
10/04/2013 13:00,1,3,1,15.535,NA,NA,1.279,0.205,0.108,0.058,4.46
10/04/2013 14:00,1,3,2,15.494,NA,NA,1.3,0.207,0.109,0.058,4.43
10/04/2013 15:00,1,3,3,15.919,NA,NA,1.309,0.208,0.109,0.058,4.42
10/04/2013 16:00,1,3,4,16.078,NA,NA,1.326,0.211,0.111,0.059,4.4
10/04/2013 17:00,1,3,5,16.02,NA,NA,1.356,0.214,0.112,0.059,4.41
10/04/2013 18:00,1,3,6,16.549,11.1,NA,1.363,0.214,0.112,0.059,4.41
10/04/2013 19:00,1,3,7,16.185,NA,NA,1.382,0.216,0.111,0.058,4.42
10/04/2013 20:00,1,3,8,16.252,NA,NA,1.415,0.218,0.112,0.058,4.44
10/04/2013 21:00,1,3,9,16.358,NA,NA,1.384,0.215,0.112,0.059,4.43
10/04/2013 22:00,1,3,10,16.467,NA,NA,1.424,0.22,0.114,0.059,4.43
10/04/2013 23:00,1,3,11,16.077,NA,NA,1.427,0.222,0.115,0.059,4.44
11/04/2013 00:00,1,3,12,16.05633333,13,NA,1.442,0.223666667,0.115333333,0.059,4.44
11/04/2013 01:00,1,3,13,16.341,NA,NA,1.439,0.223,0.115,0.059,4.46
11/04/2013 02:00,1,3,14,16.65,NA,NA,1.446,0.224,0.116,0.059,4.43
11/04/2013 03:00,1,3,15,16.702,NA,NA,1.451,0.226,0.118,0.06,4.44
11/04/2013 04:00,1,3,16,16.759,NA,NA,1.452,0.227,0.118,0.06,4.44
11/04/2013 05:00,1,3,17,16.965,NA,NA,1.464,0.23,0.12,0.061,4.46
11/04/2013 06:00,1,3,18,16.957,13,NA,1.457,0.227,0.118,0.06,4.48
11/04/2013 07:00,1,3,19,17.06,NA,NA,1.462,0.228,0.118,0.06,4.46
11/04/2013 08:00,1,3,20,17.102,NA,NA,1.469,0.228,0.117,0.059,4.46
11/04/2013 09:00,1,3,21,17.282,NA,NA,1.473,0.228,0.118,0.06,4.45
11/04/2013 10:00,1,3,22,17.139,NA,NA,1.485,0.229,0.118,0.06,4.46
11/04/2013 11:00,1,3,23,17.437,NA,NA,1.489,0.229,0.117,0.059,4.44
11/04/2013 12:00,1,3,24,17.771,NA,NA,1.502,0.23,0.118,0.059,4.45
13/04/2013 06:00,1,4,1,19.857,NA,NA,1.487,0.237,0.123,0.061,4.59
13/04/2013 07:00,1,4,2,20.17,10.5,NA,1.492,0.237,0.123,0.062,4.53
13/04/2013 08:00,1,4,3,19.992,NA,NA,1.492,0.237,0.123,0.062,4.54
13/04/2013 09:00,1,4,4,19.33,NA,NA,1.46,0.233,0.122,0.061,4.53
13/04/2013 10:00,1,4,5,19.46,NA,NA,1.48,0.235,0.122,0.061,4.48
13/04/2013 11:00,1,4,6,19.499,NA,NA,1.47,0.234,0.122,0.061,4.58
13/04/2013 12:00,1,4,7,19.299,NA,NA,1.441,0.231,0.12,0.061,4.62
13/04/2013 13:00,1,4,8,18.183,10.9,NA,1.404,0.226,0.118,0.06,4.54
13/04/2013 14:00,1,4,9,17.463,NA,NA,1.365,0.222,0.117,0.06,4.59
13/04/2013 15:00,1,4,10,17.41033333,NA,NA,1.344666667,0.219333333,0.115666667,0.059666667,4.74
13/04/2013 16:00,1,4,11,17.44,NA,NA,1.342,0.219,0.115,0.06,4.66
13/04/2013 17:00,1,4,12,16.801,NA,NA,1.326,0.217,0.115,0.06,4.63
13/04/2013 18:00,1,4,13,17.08,NA,NA,1.332,0.221,0.118,0.061,4.69
13/04/2013 19:00,1,4,14,17.639,10.3,NA,1.332,0.219,0.116,0.06,4.67
13/04/2013 20:00,1,4,15,17.265,NA,NA,1.33,0.219,0.116,0.06,4.7
13/04/2013 21:00,1,4,16,17.494,NA,NA,1.34,0.22,0.117,0.06,4.61
13/04/2013 22:00,1,4,17,17.102,NA,NA,1.364,0.224,0.118,0.06,4.54
13/04/2013 23:00,1,4,18,17.633,NA,NA,1.37,0.226,0.119,0.06,4.58
14/04/2013 00:00,1,4,19,17.602,NA,NA,1.349,0.222,0.118,0.06,4.64
14/04/2013 01:00,1,4,20,17.94,NA,NA,1.367,0.225,0.119,0.06,4.63
14/04/2013 02:00,1,4,21,17.883,NA,NA,1.367,0.226,0.119,0.06,4.64
14/04/2013 03:00,1,4,22,17.475,NA,NA,1.358,0.225,0.119,0.06,4.61
14/04/2013 04:00,1,4,23,17.658,NA,NA,1.374,0.231,0.123,0.062,4.58
14/04/2013 05:00,1,4,24,17.766,NA,NA,1.374,0.229,0.121,0.061,4.56
14/05/2013 07:00,1,5,1,25.723,NA,NA,1.794,0.261,0.129,0.062,4.48
14/05/2013 08:00,1,5,2,25.625,NA,NA,1.786,0.26,0.128,0.062,4.48
14/05/2013 09:00,1,5,3,25.451,NA,NA,1.769,0.257,0.127,0.062,4.42
14/05/2013 10:00,1,5,4,25.087,NA,NA,1.746,0.255,0.126,0.062,4.41
14/05/2013 11:00,1,5,5,24.726,NA,NA,1.739,0.254,0.126,0.061,4.42
14/05/2013 12:00,1,5,6,24.276,NA,NA,1.735,0.253,0.125,0.061,4.46
14/05/2013 13:00,1,5,7,24.087,NA,NA,1.709,0.251,0.125,0.062,4.47
14/05/2013 14:00,1,5,8,23.297,11.5,NA,1.671,0.245,0.123,0.061,4.41
14/05/2013 15:00,1,5,9,21.89366667,NA,NA,1.592,0.237,0.119,0.06,4.45
14/05/2013 16:00,1,5,10,20.343,NA,NA,1.51,0.229,0.118,0.062,4.49
14/05/2013 17:00,1,5,11,19.92,NA,NA,1.469,0.223,0.115,0.06,4.44
14/05/2013 18:00,1,5,12,20.12,NA,NA,1.477,0.223,0.115,0.06,4.52
14/05/2013 19:00,1,5,13,20.092,NA,NA,1.496,0.224,0.115,0.06,4.46
14/05/2013 20:00,1,5,14,20.22,NA,NA,1.502,0.225,0.116,0.06,4.48
14/05/2013 21:00,1,5,15,20.135,NA,NA,1.479,0.222,0.114,0.06,4.49
14/05/2013 22:00,1,5,16,19.42933333,NA,NA,1.433,0.217666667,0.113333333,0.059666667,4.49
14/05/2013 23:00,1,5,17,18.714,NA,NA,1.413,0.215,0.112,0.06,4.56
15/05/2013 00:00,1,5,18,17.831,NA,NA,1.33,0.205,0.109,0.059,4.56
15/05/2013 01:00,1,5,19,15.646,8.6,NA,1.197,0.19,0.103,0.059,4.56
15/05/2013 02:00,1,5,20,14.695,NA,NA,1.133,0.182,0.1,0.058,4.58
15/05/2013 03:00,1,5,21,13.593,NA,NA,1.067,0.175,0.098,0.058,4.6
15/05/2013 04:00,1,5,22,13.455,NA,NA,1.048,0.172,0.097,0.058,4.63
15/05/2013 05:00,1,5,23,13.984,9.3,NA,1.071,0.175,0.098,0.058,4.62
15/05/2013 06:00,1,5,24,14.489,NA,NA,1.097,0.179,0.099,0.058,4.6
02/10/2013 20:00,1,10,1,31.294,NA,NA,2.206,0.315,0.147,0.063,4.48
02/10/2013 21:00,1,10,2,31.31,NA,NA,2.166,0.31,0.145,0.062,4.45
02/10/2013 22:00,1,10,3,31.302,NA,NA,2.178,0.314,0.148,0.065,4.47
02/10/2013 23:00,1,10,4,31.35,NA,NA,2.181,0.312,0.146,0.062,4.51
03/10/2013 00:00,1,10,5,31.892,NA,NA,2.204,0.315,0.147,0.062,4.46
03/10/2013 01:00,1,10,6,32.311,15.3,NA,2.264,0.323,0.15,0.063,4.47
03/10/2013 02:00,1,10,7,33.608,NA,NA,2.314,0.329,0.152,0.063,4.46
03/10/2013 03:00,1,10,8,34.388,NA,NA,2.367,0.335,0.154,0.064,4.44
03/10/2013 04:00,1,10,9,35.03,NA,NA,2.406,0.341,0.157,0.063,4.44
03/10/2013 05:00,1,10,10,35.70033333,NA,NA,2.444,0.345,0.158,0.063,4.45
03/10/2013 06:00,1,10,11,36.43,NA,NA,2.48,0.351,0.16,0.064,4.43
03/10/2013 07:00,1,10,12,36.609,NA,NA,2.512,0.354,0.162,0.064,4.41
03/10/2013 08:00,1,10,13,37.366,NA,NA,2.542666667,0.359,0.163666667,0.065,4.44
03/10/2013 09:00,1,10,14,37.81,16.3,NA,2.565,0.361,0.164,0.064,4.43
03/10/2013 10:00,1,10,15,30.736,NA,NA,1.868,0.278,0.135,0.061,4.55
03/10/2013 11:00,1,10,16,22.54,NA,NA,1.65,0.251,0.125,0.06,4.57
03/10/2013 12:00,1,10,17,22.216,NA,NA,1.623,0.248,0.124,0.06,4.57
03/10/2013 13:00,1,10,18,23.135,NA,NA,1.693,0.256,0.126,0.06,4.58
03/10/2013 14:00,1,10,19,24.916,NA,NA,1.817,0.273,0.134,0.062,4.56
03/10/2013 15:00,1,10,20,26.463,NA,NA,1.909,0.292,0.138,0.062,4.55
03/10/2013 16:00,1,10,21,27.841,NA,NA,1.984,0.296,0.141,0.062,4.54
03/10/2013 17:00,1,10,22,29.291,NA,NA,2.077,0.308,0.146,0.062,4.52
03/10/2013 18:00,1,10,23,30.129,14.5,NA,2.138,0.323,0.151,0.064,4.55
03/10/2013 19:00,1,10,24,31.396,NA,NA,2.203,0.322,0.152,0.065,4.28
26/10/2013 17:28,1,11,1,28.116,13.2,NA,2.005,0.311,0.15,0.064,4.5
26/10/2013 20:29,1,11,8,21.782,NA,NA,1.609,0.26,0.131,0.061,4.56
26/10/2013 21:34,1,11,9,24.711,NA,NA,1.598,0.258,0.13,0.061,4.56
26/10/2013 23:08,1,11,10,31.89,NA,NA,1.634,0.263,0.132,0.062,4.54
27/10/2013 01:06,1,11,11,22.78266667,NA,NA,1.681333333,0.269666667,0.134666667,0.061333333,4.54
27/10/2013 06:31,1,11,12,25.261,NA,NA,1.76,0.279,0.138,0.061,4.52
27/10/2013 07:04,1,11,13,24.816,NA,NA,1.768,0.281,0.139,0.062,4.53
27/10/2013 07:39,1,11,14,24.988,10.2,NA,1.783,0.284,0.141,0.063,4.54
27/10/2013 18:39,1,11,15,24.08,NA,NA,1.738,0.275,0.137,0.062,4.49
27/10/2013 20:28,1,11,16,22.472,NA,NA,1.618,0.26,0.131,0.061,4.48
27/10/2013 21:29,1,11,18,20.033,NA,NA,1.455,0.236,0.122,0.06,3.97
28/10/2013 02:01,1,11,19,13.89,NA,NA,1.058,0.187,0.104,0.058,4.6
28/10/2013 09:24,1,11,21,16.133,NA,NA,1.18,0.203,0.109,0.058,4.38
28/10/2013 14:34,1,11,22,17.403,NA,NA,1.282,0.217,0.115,0.059,4.53
28/10/2013 20:44,1,11,23,19.373,7.8,NA,1.411,0.233,0.121,0.06,4.46
28/10/2013 21:29,1,11,24,19.986,NA,NA,1.419,0.234,0.121,0.06,4.47
13/12/2013 00:05,1,12,1,30.457,14.8,NA,1.363,0.234,0.125,0.065,4.18
13/12/2013 02:27,1,12,2,29.667,NA,NA,1.387,0.231,0.122,0.062,4.27
13/12/2013 03:08,1,12,3,25.941,NA,NA,1.673,0.275,0.139,0.064,4.45
14/01/2014 17:03,1,13,1,13.915,NA,NA,1.03,0.183,0.102,0.058,4.36
14/01/2014 17:11,1,13,10,16.658,NA,NA,0.007,0.183,0.103,0.059,4.54
15/01/2014 17:38,1,13,11,12.402,4,NA,0.993,0.175,0.1,0.059,4.61
15/01/2014 18:03,1,13,12,12.316,NA,NA,0.925,0.173,0.099,0.058,4.64
15/01/2014 18:45,1,13,13,12.192,NA,NA,0.918,0.172,0.098,0.058,4.65
15/01/2014 19:58,1,13,14,12.212,NA,NA,0.917,0.172,0.099,0.058,4.65
15/01/2014 20:50,1,13,15,12.044,5.2,NA,0.908,0.168,0.097,0.058,3.92
15/01/2014 21:49,1,13,17,12.42066667,NA,NA,0.936,0.174666667,0.099666667,0.058,4.59
15/01/2014 22:33,1,13,18,12.543,NA,NA,0.93,0.174,0.1,0.058,4.67
15/01/2014 23:33,1,13,19,12.61,NA,NA,0.948,0.174,0.1,0.058,4.12
16/01/2014 00:37,1,13,20,13.139,NA,NA,0.97,0.179,0.102,0.058,4.6
16/01/2014 01:15,1,13,21,13.26,5.6,NA,0.971,0.183,0.102,0.059,4.63
16/01/2014 01:58,1,13,23,12.282,NA,NA,0.957,0.177,0.101,0.059,4.51
16/01/2014 03:27,1,13,24,12.828,NA,NA,0.967,0.179,0.102,0.058333333,4.58
31/01/2014 16:07,1,14,1,8.9008,NA,NA,0.757,0.155,0.096,0.063,4.25
31/01/2014 16:57,1,14,2,8.9022,NA,NA,0.712,0.143,0.087,0.057,4.73
31/01/2014 17:17,1,14,3,8.899966667,NA,NA,0.709,0.143,0.089,0.058,4.4
31/01/2014 18:42,1,14,4,9.2595,NA,NA,0.727,0.145,0.088,0.057,4.57
31/01/2014 21:07,1,14,5,9.9193,NA,NA,0.771,0.15,0.09,0.057,4.7
31/01/2014 21:37,1,14,6,9.8607,NA,NA,0.771,0.15,0.09,0.057,4.71
31/01/2014 22:47,1,14,7,9.242,NA,NA,0.737,0.146,0.089,0.057,4.71
01/02/2014 00:29,1,14,8,8.9043,NA,NA,0.71,0.143,0.087,0.057,4.76
01/02/2014 00:52,1,14,9,8.5606,NA,NA,0.721,0.146,0.089,0.057,4.74
01/02/2014 01:18,1,14,10,9.1293,NA,NA,0.72,0.143,0.088,0.057,4.74
01/02/2014 03:02,1,14,11,9.462866667,NA,NA,0.740666667,0.146666667,0.089333333,0.057,4.69
01/02/2014 03:47,1,14,12,9.557,NA,NA,0.752,0.148,0.089,0.057,4.74
01/02/2014 05:07,1,14,13,9.3875,NA,NA,0.769,0.151,0.091,0.057,4.72
09/05/2014 23:30,1,16,1,33.79333333,14.1,NA,2.259,0.343,0.166,0.067,4.61
10/05/2014 00:30,1,16,2,33.065,NA,NA,2.232,0.339,0.163,0.066,4.7
10/05/2014 01:30,1,16,3,30.577,NA,NA,2.12,0.323,0.157,0.065,4.56
10/05/2014 02:30,1,16,4,29.117,NA,NA,2.066,0.314,0.153,0.065,4.69
10/05/2014 03:30,1,16,5,27.321,NA,NA,2.012,0.311,0.153,0.065,4.72
10/05/2014 04:30,1,16,6,26.465,NA,NA,1.985,0.309,0.153,0.066,4.72
10/05/2014 05:30,1,16,7,27.141,NA,NA,1.999,0.309,0.152,0.065,4.72
10/05/2014 06:30,1,16,8,27.308,NA,NA,2.013,0.309,0.153,0.066,4.71
10/05/2014 07:30,1,16,9,28.13133333,NA,NA,2.032,0.309666667,0.151,0.062666667,4.71
10/05/2014 08:30,1,16,10,28.514,NA,NA,2.056,0.318,0.157,0.068,4.71
10/05/2014 09:30,1,16,11,27.493,NA,NA,2.019,0.31,0.152,0.064,4.7
10/05/2014 10:30,1,16,12,26.422,11.5,NA,1.964,0.303,0.15,0.065,4.69
10/05/2014 11:30,1,16,13,26.423,NA,NA,1.963,0.301,0.148,0.064,4.69
10/05/2014 12:30,1,16,14,26.743,NA,NA,1.985,0.305,0.15,0.064,4.69
10/05/2014 13:30,1,16,15,27.118,NA,NA,1.977,0.303,0.149,0.064,4.67
10/05/2014 14:30,1,16,16,27.451,NA,NA,1.987,0.304,0.15,0.064,4.65
10/05/2014 15:30,1,16,17,26.142,NA,NA,2.007,0.307,0.15,0.064,4.64
10/05/2014 16:30,1,16,18,27.963,NA,NA,2.012,0.307,0.151,0.064,4.66
10/05/2014 17:30,1,16,19,28.53,NA,NA,2.02,0.308,0.151,0.064,4.4
10/05/2014 18:30,1,16,20,28.899,NA,NA,2.042,0.311,0.153,0.064,4.65
10/05/2014 19:30,1,16,21,28.939,NA,NA,2.037,0.31,0.153,0.065,4.31
10/05/2014 20:30,1,16,22,29.569,NA,NA,2.064,0.316,0.154,0.065,4.64
10/05/2014 21:30,1,16,23,29.721,NA,NA,2.077,0.318,0.156,0.065,4.65
10/05/2014 22:30,1,16,24,30.098,11.5,NA,2.071,0.316,0.155,0.065,4.65
01/08/2014 12:00,1,18,1,29.994,NA,NA,2.574,0.388,0.194,0.08,4.57
01/08/2014 13:00,1,18,2,36.004,NA,NA,2.863,0.433,0.212,0.084,NA
01/08/2014 14:00,1,18,3,37.84,NA,NA,2.836,0.425,0.205,0.08,5.08
01/08/2014 15:00,1,18,4,38.994,NA,NA,2.888,0.431,0.206,0.08,4.97
01/08/2014 16:00,1,18,5,39.123,NA,NA,2.879,0.423,0.2,0.077,4.86
01/08/2014 17:00,1,18,6,39.488,NA,NA,2.865,0.421,0.2,0.077,4.88
01/08/2014 18:00,1,18,7,39.475,NA,NA,2.899,0.438,0.216,0.088,4.8
01/08/2014 19:00,1,18,8,38.619,NA,NA,2.853,0.417,0.198,0.077,4.95
01/08/2014 20:00,1,18,9,39.158,NA,NA,2.792,0.406,0.192,0.075,4.86
01/08/2014 21:00,1,18,10,39.4,NA,NA,2.827,0.411,0.195,0.077,4.87
01/08/2014 22:00,1,18,11,39.073,NA,NA,2.79,0.4,0.187,0.073,4.92
01/08/2014 23:00,1,18,12,38.8,NA,NA,2.771,0.403,0.192,0.077,4.78
02/08/2014 00:00,1,18,13,37.042,NA,NA,2.814,0.414,0.199,0.079,4.79
02/08/2014 01:00,1,18,14,38.395,NA,NA,2.704,0.386,0.182,0.072,4.95
02/08/2014 02:00,1,18,15,36.254,NA,NA,2.599,0.365,0.172,0.071,4.68
02/08/2014 03:00,1,18,16,27.8,18,NA,2.178,0.294,0.142,0.065,4.46
02/08/2014 04:00,1,18,17,29.50566667,NA,NA,2.281,0.309,0.149,0.067666667,4.43
02/08/2014 05:00,1,18,18,29.792,NA,NA,2.303,0.309,0.146,0.065,4.38
02/08/2014 06:00,1,18,19,31.224,NA,NA,2.39,0.319,0.15,0.066,4.38
02/08/2014 07:00,1,18,20,31.735,24,NA,2.466,0.326,0.152,0.065,4.37
02/08/2014 08:00,1,18,21,33.492,NA,NA,2.528,0.333,0.154,0.066,4.12
02/08/2014 09:00,1,18,22,34.249,NA,NA,2.563,0.337,0.156,0.065,4.24
02/08/2014 10:00,1,18,23,34.513,19,NA,2.578,0.338,0.156,0.066,4.45
02/08/2014 11:00,1,18,24,35.336,NA,NA,2.575666667,0.339,0.157,0.066,4.37
08/08/2014 18:00,1,19,1,46.456,NA,NA,3.17,0.42,0.185,0.069,4.55
08/08/2014 21:00,1,19,2,47.875,NA,NA,3.22,0.431,0.19,0.07,4.49
09/08/2014 00:00,1,19,3,47.436,23,NA,3.186,0.427,0.188,0.07,4.52
09/08/2014 03:00,1,19,4,47.67333333,NA,NA,3.191,0.433,0.194,0.075,4.54
09/08/2014 06:00,1,19,5,47.493,NA,NA,3.169,0.424,0.187,0.07,4.51
09/08/2014 09:00,1,19,6,47.44,NA,NA,3.167,0.422,0.186,0.069,4.52
09/08/2014 12:00,1,19,7,47.205,NA,NA,3.155,0.421,0.185,0.069,4.51
09/08/2014 15:00,1,19,8,46.752,NA,NA,3.145,0.419,0.184,0.069,4.52
09/08/2014 18:00,1,19,9,46.785,NA,NA,3.145,0.419,0.185,0.069,4.52
09/08/2014 21:00,1,19,10,46.143,NA,NA,3.13,0.415,0.182,0.068,4.53
10/08/2014 00:00,1,19,11,45.269,NA,NA,3.103,0.412,0.182,0.068,4.49
10/08/2014 03:00,1,19,12,46.209,NA,NA,3.096,0.413,0.182,0.069,4.49
10/08/2014 06:00,1,19,13,41.606,NA,NA,2.937,0.394,0.178,0.068,4.43
10/08/2014 09:00,1,19,14,43.62733333,NA,NA,3.028666667,0.405666667,0.180333333,0.067666667,4.43
10/08/2014 12:00,1,19,15,44.71,NA,NA,3.101,0.415,0.184,0.068,4.43
10/08/2014 15:00,1,19,16,46.102,NA,NA,3.161,0.424,0.188,0.069,4.43
10/08/2014 18:00,1,19,17,46.267,NA,NA,3.182,0.426,0.189,0.069,4.43
10/08/2014 21:00,1,19,18,46.08,NA,NA,3.142,0.421,0.188,0.07,4.43
11/08/2014 00:00,1,19,19,45.971,NA,NA,3.106,0.414,0.185,0.068,4.41
11/08/2014 03:00,1,19,20,45.594,NA,NA,3.103,0.415,0.185,0.069,4.42
11/08/2014 06:00,1,19,21,46.019,NA,NA,3.104,0.414,0.185,0.069,4.42
11/08/2014 09:00,1,19,22,45.706,NA,NA,3.108,0.413,0.183,0.068,4.41
11/08/2014 12:00,1,19,23,46.172,NA,NA,3.104,0.412,0.183,0.069,4.42
11/08/2014 15:00,1,19,24,44.304,NA,NA,3.028,0.402,0.179,0.067,4.4
23/10/2014 13:00,2,21,1,36.26,NA,NA,2.441,0.35,0.163,0.067,4.52
23/10/2014 15:00,2,21,2,37.38,NA,NA,2.448,0.352,0.163,0.068,4.47
23/10/2014 17:00,2,21,3,37.49,NA,NA,2.457,0.351,0.162,0.066,4.48
23/10/2014 19:00,2,21,4,37.97,NA,NA,2.477,0.353,0.162,0.066,4.48
23/10/2014 21:00,2,21,5,38.06,NA,NA,2.48,0.354,0.163,0.066,4.47
23/10/2014 23:00,2,21,6,37.99,NA,NA,2.499,0.359,0.165,0.066,4.46
24/10/2014 01:00,2,21,7,38.11,NA,NA,2.503,0.36,0.166,0.067,4.47
24/10/2014 03:00,2,21,8,37.93,NA,NA,2.511,0.363,0.166,0.067,4.48
24/10/2014 05:00,2,21,9,38.09,NA,NA,2.518,0.362,0.167,0.067,4.46
24/10/2014 07:00,2,21,10,38.15,NA,NA,2.53,0.365,0.168,0.067,4.47
24/10/2014 09:00,2,21,11,38.6,NA,NA,2.535,0.365,0.168,0.067,4.49
24/10/2014 11:00,2,21,12,38.73,NA,NA,2.553,0.368,0.169,0.067,4.51
24/10/2014 13:00,2,21,13,38.43,NA,NA,2.569,0.372,0.171,0.068,4.52
24/10/2014 15:00,2,21,14,37.7,NA,NA,2.508,0.363,0.167,0.067,4.48
24/10/2014 17:00,2,21,15,37.66,NA,NA,2.511,0.362,0.166,0.067,4.48
24/10/2014 19:00,2,21,16,37.85,NA,NA,2.535,0.366,0.169,0.067,4.5
24/10/2014 21:00,2,21,17,38.13,NA,NA,2.545,0.367,0.17,0.067,4.48
24/10/2014 23:00,2,21,18,38.37,NA,NA,2.545,0.368,0.169,0.067,4.52
25/10/2014 01:00,2,21,19,38.55,NA,NA,2.551,0.368,0.17,0.068,4.55
25/10/2014 03:00,2,21,20,38.7,NA,NA,2.554,0.366,0.168,0.066,4.5
25/10/2014 05:00,2,21,21,38.81,NA,NA,2.564,0.369,0.17,0.067,4.52
25/10/2014 07:00,2,21,22,38.88,NA,NA,2.56,0.368,0.169,0.067,4.53
25/10/2014 09:00,2,21,23,38.99,NA,NA,2.571,0.371,0.171,0.068,4.53
25/10/2014 11:00,2,21,24,39.04,NA,NA,2.566,0.366,0.168,0.066,4.47
13/11/2014 09:00,2,22,1,28.79,12,NA,2.047,0.322,0.158,0.066,4.66
13/11/2014 11:00,2,22,2,24.65,NA,NA,1.8,0.292,0.146,0.065,4.65
13/11/2014 13:00,2,22,3,23.01,NA,NA,1.724,0.281,0.142,0.065,4.64
13/11/2014 15:00,2,22,4,23.88,NA,NA,1.77,0.288,0.144,0.065,4.63
13/11/2014 17:00,2,22,5,24.73,NA,NA,1.808,0.295,0.148,0.066,4.68
13/11/2014 19:00,2,22,6,25.79,NA,NA,1.85,0.299,0.149,0.067,4.66
13/11/2014 21:00,2,22,7,26.1,NA,NA,1.868,0.301,0.149,0.065,4.72
13/11/2014 23:00,2,22,8,26.26,NA,NA,1.888,0.304,0.151,0.067,4.62
14/11/2014 01:00,2,22,9,26.79,NA,NA,1.912,0.31,0.153,0.067,4.63
14/11/2014 03:00,2,22,10,25.65,NA,NA,1.834,0.296,0.147,0.065,4.65
14/11/2014 05:00,2,22,11,24.9,NA,NA,1.794,0.291,0.145,0.065,4.67
14/11/2014 07:00,2,22,12,24.85,12,NA,1.799,0.294,0.148,0.066,4.62
14/11/2014 09:00,2,22,13,25.18,NA,NA,1.816,0.292,0.146,0.065,4.62
14/11/2014 11:00,2,22,14,25.84,NA,NA,1.855,0.296,0.147,0.066,4.61
14/11/2014 13:00,2,22,15,26.44,NA,NA,1.872,0.298,0.147,0.064,4.64
14/11/2014 15:00,2,22,16,26.8,NA,NA,1.898,0.302,0.149,0.065,4.62
14/11/2014 17:00,2,22,17,27.29,NA,NA,1.916,0.305,0.151,0.067,4.61
14/11/2014 19:00,2,22,18,27.39,NA,NA,1.936,0.313,0.153,0.066,4.61
14/11/2014 21:00,2,22,19,26.91,NA,NA,1.895,0.304,0.151,0.066,4.61
14/11/2014 23:00,2,22,20,26.85,NA,NA,1.903,0.306,0.151,0.066,4.63
15/11/2014 01:00,2,22,21,27.3,NA,NA,1.93,0.309,0.153,0.067,4.64
15/11/2014 03:00,2,22,22,27.27,NA,NA,1.954,0.314,0.155,0.068,4.6
15/11/2014 05:00,2,22,23,27.69,NA,NA,1.953,0.311,0.153,0.067,4.62
15/11/2014 07:00,2,22,24,27.32,8,NA,1.974,0.319,0.157,0.068,4.63
09/12/2014 11:00,2,23,1,39.42,NA,NA,2.629,0.398,0.188,0.071,4.68
09/12/2014 13:00,2,23,2,40.14,NA,NA,2.671,0.404,0.19,0.071,4.64
09/12/2014 15:00,2,23,3,38.48,NA,NA,2.543,0.377,0.178,0.07,3.59
09/12/2014 17:00,2,23,4,36.26,NA,NA,2.511,0.385,0.184,0.071,4.57
09/12/2014 19:00,2,23,5,35.53,NA,NA,2.369,0.361,0.173,0.069,4.3
09/12/2014 21:00,2,23,6,33.75,NA,NA,2.304,0.357,0.172,0.07,4.57
09/12/2014 23:00,2,23,7,32.53,NA,NA,2.292,0.356,0.172,0.07,4.66
10/12/2014 01:00,2,23,8,32.51,NA,NA,2.243,0.346,0.167,0.068,4.46
10/12/2014 03:00,2,23,9,33.03,NA,NA,2.267,0.352,0.17,0.069,4.72
10/12/2014 05:00,2,23,10,32.62,NA,NA,2.295,0.358,0.174,0.07,4.63
10/12/2014 07:00,2,23,11,33.43,NA,NA,2.311,0.36,0.175,0.07,4.61
10/12/2014 09:00,2,23,12,34.01,NA,NA,2.332,0.361,0.174,0.069,4.67
10/12/2014 11:00,2,23,13,33.86,NA,NA,2.333,0.359,0.173,0.069,4.62
10/12/2014 13:00,2,23,14,34.62,NA,NA,2.339,0.359,0.172,0.07,4.65
10/12/2014 15:00,2,23,15,34.61,NA,NA,2.341,0.362,0.175,0.07,4.62
10/12/2014 17:00,2,23,16,34.75,NA,NA,2.346,0.363,0.176,0.071,4.62
10/12/2014 19:00,2,23,17,34.73,NA,NA,2.357,0.372,0.18,0.072,4.59
10/12/2014 21:00,2,23,18,33.78,NA,NA,2.315,0.356,0.172,0.069,4.58
10/12/2014 23:00,2,23,19,31.37,NA,NA,2.185,0.34,0.166,0.069,4.59
11/12/2014 01:00,2,23,20,31.45,NA,NA,2.183,0.341,0.167,0.069,4.57
11/12/2014 03:00,2,23,21,29.62,NA,NA,2.13,0.33,0.162,0.069,4.68
11/12/2014 05:00,2,23,22,30.69,NA,NA,2.124,0.331,0.162,0.068,4.58
11/12/2014 07:00,2,23,23,30.03,NA,NA,2.102,0.334,0.166,0.072,4.51
11/12/2014 09:00,2,23,24,29.13,NA,NA,2.052,0.321,0.158,0.068,4.58
13/02/2015 03:21,2,NA,1,10.07,NA,NA,0.861,0.159,0.097,0.063,4.71
13/02/2015 05:31,2,NA,2,9.71,NA,NA,0.846,0.156,0.094,0.061,4.58
13/02/2015 20:31,2,NA,3,9.21,NA,NA,0.815,0.153,0.094,0.062,4.43
05/11/2015 16:25,2,24,1,32.51,NA,NA,2.247,0.377,0.2,0.093,5.4
06/11/2015 11:15,2,24,2,34.13,NA,NA,2.407,0.442,0.242,0.106,5.12
06/11/2015 13:15,2,24,3,30.77,NA,NA,2.341,0.401,0.207,0.091,5.25
06/11/2015 15:15,2,24,4,29.06,NA,NA,2.379,0.424,0.226,0.101,5.15
06/11/2015 17:15,2,24,5,32.19,NA,NA,2.408,0.412,0.213,0.092,5.14
06/11/2015 19:15,2,24,6,31.33,NA,NA,2.463,0.439,0.232,0.102,5.04
06/11/2015 21:15,2,24,7,30.97,NA,NA,2.515,0.43,0.222,0.096,5.03
06/11/2015 23:15,2,24,8,30.93,NA,NA,2.553,0.441,0.228,0.096,5.05
07/11/2015 01:15,2,24,9,30.89,NA,NA,2.207,0.393,0.209,0.093,4.93
07/11/2015 03:15,2,24,10,25.07,NA,NA,2.005,0.358,0.191,0.087,4.95
07/11/2015 05:15,2,24,11,26.14,NA,NA,1.889,0.382,0.218,0.108,4.9
07/11/2015 07:15,2,24,12,27.77,NA,NA,2.262,0.387,0.202,0.09,5.01
07/11/2015 09:15,2,24,13,25.52,NA,NA,1.728,0.331,0.187,0.094,5.01
07/11/2015 11:15,2,24,14,25.48,NA,NA,1.599,0.295,0.165,0.085,4.96
07/11/2015 13:15,2,24,15,24.81,NA,NA,1.619,0.299,0.167,0.084,4.99
07/11/2015 15:15,2,24,16,27.11,NA,NA,1.694,0.308,0.167,0.082,5.02
07/11/2015 17:15,2,24,17,27.42,NA,NA,1.737,0.327,0.182,0.089,4.98
07/11/2015 19:15,2,24,18,23.4,NA,NA,1.827,0.329,0.179,0.085,5.01
07/11/2015 21:15,2,24,19,22.03,NA,NA,1.846,0.334,0.181,0.086,5
07/11/2015 23:15,2,24,20,22.77,NA,NA,1.841,0.346,0.191,0.091,5
08/11/2015 01:15,2,24,21,23.29,NA,NA,1.96,0.343,0.181,0.081,4.99
08/11/2015 03:15,2,24,22,22.06,NA,NA,1.989,0.356,0.19,0.087,4.98
08/11/2015 05:15,2,24,23,22.21,NA,NA,1.97,0.351,0.186,0.085,5.01
08/11/2015 07:15,2,24,24,22.26,NA,NA,2.096,0.372,0.198,0.089,4.97
09/11/2015 11:29,2,25,1,27.68,NA,NA,2.29,0.41,0.219,0.095,4.81
10/11/2015 16:29,2,25,2,30.49,NA,NA,2.321,0.398,0.206,0.086,4.82
10/11/2015 16:30,2,25,3,30.61,NA,NA,2.335,0.39,0.194,0.081,4.72
10/11/2015 16:31,2,25,4,30.67,NA,NA,2.343,0.398,0.202,0.084,4.76
10/11/2015 16:31,2,25,5,30.63,NA,NA,2.329,0.394,0.199,0.085,4.74
10/11/2015 16:32,2,25,6,30.48,NA,NA,2.324,0.407,0.206,0.087,4.73
10/11/2015 16:32,2,25,7,30.32,NA,NA,2.331,0.423,0.214,0.092,4.72
10/11/2015 16:33,2,25,8,30.33,NA,NA,2.277,0.395,0.198,0.086,4.7
10/11/2015 16:34,2,25,9,30.37,NA,NA,2.326,0.407,0.198,0.082,4.71
10/11/2015 16:35,2,25,10,27.03,NA,NA,2.331,0.404,0.207,0.09,4.66
10/11/2015 16:37,2,25,11,30.77,NA,NA,2.327,0.392,0.196,0.082,4.69
10/11/2015 16:39,2,25,12,30.56,NA,NA,2.308,0.395,0.202,0.085,4.65
10/11/2015 16:42,2,25,13,30.55,NA,NA,2.32,0.39,0.196,0.082,4.68
10/11/2015 16:50,2,25,14,30.74,NA,NA,2.343,0.394,0.197,0.082,4.63
10/11/2015 17:00,2,25,15,31.44,NA,NA,2.336,0.389,0.194,0.081,4.62
10/11/2015 17:01,2,25,16,31.08,NA,NA,2.332,0.402,0.206,0.089,4.62
10/11/2015 17:02,2,25,17,31,NA,NA,2.345,0.393,0.197,0.081,4.63
10/11/2015 17:05,2,25,18,30.97,NA,NA,2.355,0.426,0.223,0.094,4.65
10/11/2015 17:20,2,25,19,30.96,NA,NA,2.343,0.397,0.2,0.083,4.6
10/11/2015 17:25,2,25,20,29.6,NA,NA,2.355,0.509,0.365,0.234,4.61
10/11/2015 17:30,2,25,21,29.59,NA,NA,2.335,0.391,0.195,0.081,4.61
10/11/2015 17:35,2,25,22,29.58,NA,NA,2.343,0.391,0.196,0.083,4.62
10/11/2015 17:36,2,25,23,31.02,NA,NA,2.338,0.394,0.198,0.083,4.61
10/11/2015 17:40,2,25,24,30.99,NA,NA,2.343,0.4,0.2,0.084,4.62
02/12/2015 15:00,2,26,9,16.41,NA,NA,1.43,0.262,0.144,0.077,4.71
02/12/2015 18:00,2,26,10,15.68,NA,NA,1.332,0.25,0.14,0.076,4.73
02/12/2015 21:00,2,26,11,15.6,NA,NA,1.34,0.253,0.142,0.078,4.7
03/12/2015 00:00,2,26,12,15.61,NA,NA,1.318,0.246,0.137,0.075,4.68
03/12/2015 03:00,2,26,13,16.51,NA,NA,1.339,0.247,0.137,0.073,4.71
03/12/2015 06:00,2,26,14,16.96,NA,NA,1.385,0.254,0.139,0.074,4.65
03/12/2015 09:00,2,26,15,14.8,NA,NA,1.45,0.273,0.154,0.082,4.63
03/12/2015 12:00,2,26,16,14.82,NA,NA,1.455,0.274,0.153,0.08,4.6
03/12/2015 15:00,2,26,17,14.83,NA,NA,1.248,0.24,0.136,0.076,4.61
03/12/2015 18:00,2,26,18,13.04,NA,NA,1.232,0.24,0.137,0.076,4.6
03/12/2015 21:00,2,26,19,12.69,NA,NA,1.278,0.243,0.137,0.075,4.59
04/12/2015 00:00,2,26,20,14.09,NA,NA,1.324,0.256,0.144,0.077,4.6
04/12/2015 03:00,2,26,21,15.18,NA,NA,1.346,0.257,0.144,0.077,4.61
04/12/2015 06:00,2,26,22,13.62,NA,NA,1.371,0.27,0.156,0.085,4.62
04/12/2015 09:00,2,26,23,13.6,NA,NA,1.341,0.252,0.141,0.076,4.6
04/12/2015 12:00,2,26,24,13.62,NA,NA,1.341,0.252,0.141,0.076,4.6
04/01/2016 09:00,2,27,1,6.93,NA,NA,0.907,0.199,0.125,0.077,5.02
04/01/2016 13:00,2,27,2,7.64,NA,NA,0.917,0.199,0.122,0.075,4.87
04/01/2016 17:00,2,27,3,7.59,NA,NA,0.913,0.194,0.119,0.073,4.91
04/01/2016 21:00,2,27,4,8.32,NA,NA,0.929,0.197,0.121,0.072,4.79
05/01/2016 01:00,2,27,5,8.22,NA,NA,0.966,0.207,0.125,0.074,4.76
05/01/2016 05:00,2,27,6,9.54,NA,NA,0.998,0.208,0.125,0.073,4.73
05/01/2016 09:00,2,27,7,9.46,NA,NA,1.01,0.214,0.129,0.076,4.78
05/01/2016 13:00,2,27,8,9.66,NA,NA,1.014,0.21,0.126,0.074,4.7
05/01/2016 17:00,2,27,9,9.57,NA,NA,1.024,0.21,0.125,0.074,4.66
05/01/2016 21:00,2,27,10,9.02,NA,NA,1.044,0.219,0.131,0.076,4.78
06/01/2016 01:00,2,27,11,9.56,NA,NA,1.068,0.219,0.13,0.073,4.65
06/01/2016 05:00,2,27,12,12.28,NA,NA,1.069,0.219,0.13,0.074,4.68
06/01/2016 09:00,2,27,13,11.52,NA,NA,1.093,0.222,0.131,0.075,4.67
06/01/2016 13:00,2,27,14,11.16,NA,NA,1.112,0.227,0.133,0.076,4.71
06/01/2016 17:00,2,27,15,10.96,NA,NA,1.129,0.226,0.132,0.075,4.67
06/01/2016 21:00,2,27,16,10.69,NA,NA,1.129,0.225,0.132,0.075,4.74
07/01/2016 01:00,2,27,17,9.74,NA,NA,1.128,0.225,0.131,0.074,4.7
07/01/2016 05:00,2,27,18,10.26,NA,NA,1.118,0.225,0.13,0.073,4.69
07/01/2016 09:00,2,27,19,11.24,NA,NA,1.123,0.225,0.131,0.074,4.67
07/01/2016 13:00,2,27,20,11.23,NA,NA,1.138,0.227,0.132,0.074,4.69
07/01/2016 17:00,2,27,21,12.14,NA,NA,1.156,0.23,0.134,0.074,4.68
07/01/2016 21:00,2,27,22,13.07,NA,NA,1.173,0.238,0.137,0.074,4.65
08/01/2016 01:00,2,27,23,12.37,NA,NA,1.183,0.236,0.137,0.076,4.67
08/01/2016 05:00,2,27,24,11.24,NA,NA,1.181,0.242,0.142,0.079,4.69
17/01/2016 09:00,2,28,9,7.24,NA,NA,1.12,0.216,0.127,0.073,5.31
17/01/2016 12:00,2,28,10,11.71,NA,NA,1.118,0.218,0.129,0.075,5.06
17/01/2016 15:00,2,28,11,11.71,NA,NA,1.094,0.212,0.124,0.072,4.93
17/01/2016 18:00,2,28,12,10.8,NA,NA,1.061,0.208,0.122,0.071,4.76
17/01/2016 21:00,2,28,13,10.99,NA,NA,1.07,0.216,0.128,0.075,4.79
18/01/2016 00:00,2,28,14,11.01,NA,NA,1.057,0.206,0.121,0.071,4.73
18/01/2016 03:00,2,28,15,10.77,NA,NA,1.041,0.204,0.12,0.072,4.71
18/01/2016 06:00,2,28,16,10.63,NA,NA,1.046,0.208,0.123,0.073,4.79
18/01/2016 09:00,2,28,17,11,NA,NA,1.046,0.207,0.122,0.072,4.61
18/01/2016 12:00,2,28,18,10.82,NA,NA,1.045,0.208,0.123,0.072,4.7
18/01/2016 15:00,2,28,19,10.19,NA,NA,1.087,0.219,0.13,0.076,4.69
18/01/2016 18:00,2,28,20,9.08,NA,NA,1.063,0.21,0.124,0.072,4.74
18/01/2016 21:00,2,28,21,12.83,NA,NA,1.074,0.212,0.124,0.072,4.68
19/01/2016 00:00,2,28,22,11.31,NA,NA,1.113,0.22,0.128,0.073,4.71
19/01/2016 03:00,2,28,23,10.62,NA,NA,1.105,0.221,0.127,0.073,4.7
19/01/2016 06:00,2,28,24,9.63,NA,NA,1.101,0.217,0.126,0.072,4.72
22/01/2016 09:00,2,29,1,10.32,NA,NA,1.058,0.214,0.125,0.073,4.92
22/01/2016 12:00,2,29,2,11.24,NA,NA,1.131,0.222,0.128,0.072,4.95
22/01/2016 15:00,2,29,3,12.35,NA,NA,1.181,0.235,0.134,0.073,4.96
22/01/2016 18:00,2,29,4,12.82,NA,NA,1.221,0.244,0.136,0.074,4.87
22/01/2016 21:00,2,29,5,12.46,NA,NA,1.256,0.255,0.144,0.076,4.89
23/01/2016 18:00,2,29,12,14.26,NA,NA,1.268,0.242,0.136,0.073,4.75
23/01/2016 21:00,2,29,13,13.73,NA,NA,1.237,0.247,0.139,0.075,4.76
24/01/2016 00:00,2,29,14,12.87,NA,NA,1.229,0.236,0.133,0.072,4.75
24/01/2016 03:00,2,29,15,12.51,NA,NA,1.253,0.24,0.135,0.072,4.74
24/01/2016 06:00,2,29,16,13.46,NA,NA,1.293,0.244,0.137,0.073,4.75
24/01/2016 09:00,2,29,17,13.41,NA,NA,1.339,0.257,0.144,0.075,4.72
24/01/2016 12:00,2,29,18,14.83,NA,NA,1.376,0.264,0.147,0.074,4.75
24/01/2016 15:00,2,29,19,14.3,NA,NA,1.404,0.266,0.148,0.076,4.71
09/04/2016 09:00,2,30,1,NA,NA,NA,1.824,0.283,0.147,0.076,NA
09/04/2016 12:00,2,30,2,16.63,NA,NA,1.785,0.249,0.12,0.06,5.5
09/04/2016 15:00,2,30,3,17.57,NA,NA,1.842,0.254,0.122,0.062,5.31
09/04/2016 18:00,2,30,4,15.8,NA,NA,1.941,0.292,0.147,0.073,5.36
09/04/2016 21:00,2,30,5,19.64,NA,NA,1.934,0.29,0.145,0.07,5.35
10/04/2016 00:00,2,30,6,16.48,NA,NA,1.823,0.263,0.127,0.062,5.58
10/04/2016 03:00,2,30,7,16.07,NA,NA,1.857,0.286,0.145,0.07,5.64
10/04/2016 06:00,2,30,8,NA,NA,NA,1.856,0.285,0.144,0.071,NA
10/04/2016 09:00,2,30,9,NA,NA,NA,1.792,0.257,0.124,0.06,NA
10/04/2016 12:00,2,30,10,NA,NA,NA,1.861,0.27,0.131,0.063,NA
10/04/2016 15:00,2,30,11,NA,NA,NA,1.935,0.288,0.143,0.069,NA
10/04/2016 18:00,2,30,12,18.43,NA,NA,1.934,0.288,0.143,0.07,5.73
10/04/2016 21:00,2,30,13,15.52,NA,NA,1.633,0.238,0.117,0.06,5.59
11/04/2016 09:00,2,30,14,16.11,NA,NA,1.627,0.237,0.117,0.06,5.55
11/04/2016 12:00,2,30,15,NA,NA,NA,1.655,0.239,0.118,0.061,NA
11/04/2016 15:00,2,30,16,15.73,NA,NA,1.707,0.245,0.121,0.062,5.52
15/10/2016 15:24,2,31,1,23.08,NA,NA,1.824,0.283,0.147,0.076,4.83
15/10/2016 16:16,2,31,2,24.53,NA,NA,1.785,0.249,0.12,0.06,4.89
15/10/2016 17:48,2,31,3,25.65,NA,NA,1.842,0.254,0.122,0.062,4.8
16/10/2016 00:41,2,31,4,25.85,NA,NA,1.941,0.292,0.147,0.073,4.6
16/10/2016 01:32,2,31,5,25.95,NA,NA,1.934,0.29,0.145,0.07,4.47
16/10/2016 02:08,2,31,6,23.38,NA,NA,1.823,0.263,0.127,0.062,4.5
16/10/2016 03:48,2,31,7,25.91,NA,NA,1.857,0.286,0.145,0.07,4.52
16/10/2016 04:24,2,31,8,23.72,NA,NA,1.856,0.285,0.144,0.071,4.45
16/10/2016 04:56,2,31,9,24.16,NA,NA,1.792,0.257,0.124,0.06,4.39
16/10/2016 05:50,2,31,10,24.47,NA,NA,1.861,0.27,0.131,0.063,4.36
16/10/2016 06:29,2,31,11,26.88,NA,NA,1.935,0.288,0.143,0.069,4.4
16/10/2016 22:19,2,31,12,25.9,NA,NA,1.934,0.288,0.143,0.07,4.23
17/10/2016 00:26,2,31,13,25.9,NA,NA,1.633,0.238,0.117,0.06,4.36
17/10/2016 00:59,2,31,14,21.86,NA,NA,1.627,0.237,0.117,0.06,4.39
17/10/2016 01:38,2,31,15,22.26,NA,NA,1.655,0.239,0.118,0.061,4.4
17/10/2016 02:37,2,31,16,23.27,NA,NA,1.707,0.245,0.121,0.062,4.38
28/10/2016 09:00,2,32,1,30.67,NA,NA,2.187,0.312,0.149,0.067,5.61
28/10/2016 14:00,2,32,2,31.09,NA,NA,2.26,0.338,0.169,0.078,5.64
28/10/2016 19:00,2,32,3,29.47,NA,NA,2.272,0.369,0.198,0.102,5.58
29/10/2016 00:00,2,32,4,32.23,NA,NA,2.296,0.34,0.168,0.077,5.58
29/10/2016 05:00,2,32,5,34.36,NA,NA,2.202,0.312,0.148,0.066,5.47
29/10/2016 10:00,2,32,6,33.7,NA,NA,2.247,0.332,0.163,0.073,5.55
29/10/2016 15:00,2,32,7,34.07,NA,NA,2.238,0.319,0.151,0.068,5.6
29/10/2016 20:00,2,32,8,31.87,NA,NA,2.247,0.322,0.154,0.069,5.51
01/11/2016 11:00,2,32,9,30.63,NA,NA,2.277,0.331,0.161,0.073,5.53
09/11/2016 00:21,2,33,1,49.21,NA,NA,1.832,0.274,0.136,0.067,5.89
09/11/2016 01:30,2,33,2,49.99,NA,NA,1.82,0.267,0.129,0.063,5.92
09/11/2016 02:45,2,33,3,50.19,NA,NA,1.815,0.265,0.128,0.063,5.86
09/11/2016 03:57,2,33,4,47.27,NA,NA,1.863,0.344,0.214,0.147,5.82
10/11/2016 13:25,2,33,5,58.99,NA,NA,1.817,0.269,0.131,0.062,5.83
12/11/2016 07:22,2,33,6,50.6,NA,NA,1.831,0.265,0.129,0.063,5.84
18/11/2016 21:03,2,34,1,19.74,NA,NA,1.396,0.215,0.109,0.059,4.86
19/11/2016 11:37,2,34,2,20.59,NA,NA,1.376,0.214,0.108,0.059,4.97
20/11/2016 12:12,2,34,3,20.47,NA,NA,1.374,0.213,0.107,0.058,4.92
20/11/2016 12:42,2,34,4,20.13,NA,NA,1.384,0.216,0.109,0.059,4.94
20/11/2016 13:01,2,34,5,20.86,NA,NA,1.384,0.215,0.109,0.059,4.84
20/11/2016 13:58,2,34,6,19.54,NA,NA,1.393,0.221,0.114,0.062,4.86
20/11/2016 17:02,2,34,7,17.74,NA,NA,1.388,0.222,0.115,0.061,4.77
20/11/2016 19:07,2,34,8,17.81,NA,NA,1.38,0.218,0.111,0.06,4.8
20/11/2016 19:29,2,34,9,17.86,NA,NA,1.383,0.219,0.112,0.06,4.82
20/11/2016 20:36,2,34,10,17.84,NA,NA,1.383,0.22,0.112,0.06,4.8
20/11/2016 22:11,2,34,11,19.15,NA,NA,1.411,0.227,0.119,0.063,4.67
20/11/2016 22:31,2,34,12,18.44,NA,NA,1.297,0.217,0.113,0.062,4.57
20/11/2016 23:05,2,34,13,18.41,NA,NA,1.294,0.213,0.111,0.061,4.56
21/11/2016 07:15,2,34,14,18.45,NA,NA,1.284,0.218,0.115,0.062,4.5
21/11/2016 08:30,2,34,15,18.45,NA,NA,1.278,0.213,0.112,0.062,4.62
21/11/2016 08:37,2,34,16,18.48,NA,NA,1.279,0.213,0.112,0.062,4.67
21/11/2016 09:20,2,34,17,18.37,NA,NA,1.278,0.212,0.111,0.061,4.63
21/11/2016 10:55,2,34,18,19.27,NA,NA,1.287,0.22,0.118,0.063,4.6
21/11/2016 11:56,2,34,19,19.37,NA,NA,1.279,0.212,0.111,0.06,4.3
21/11/2016 13:00,2,34,20,19.35,NA,NA,1.278,0.211,0.11,0.059,4.41
21/11/2016 16:47,2,34,21,17.98,NA,NA,1.223,0.226,0.133,0.087,4.39
21/11/2016 18:23,2,34,22,16.67,NA,NA,1.22,0.223,0.129,0.085,4.45
01/05/2017 01:43,2,35,1,47.79,NA,NA,1.997,0.303,0.149,0.069,4.19
01/05/2017 04:53,2,35,2,44.99,NA,NA,1.9,0.285,0.139,0.064,4.17
01/05/2017 04:54,2,35,3,45,NA,NA,1.893,0.284,0.14,0.069,4.13
01/05/2017 05:34,2,35,4,43,NA,NA,1.847,0.278,0.137,0.065,4.16
01/05/2017 05:34,2,35,5,43.35,NA,NA,1.845,0.279,0.138,0.065,4.07
01/05/2017 07:10,2,35,6,43.15,NA,NA,1.822,0.272,0.134,0.064,4.14
01/05/2017 07:19,2,35,7,42.75,NA,NA,1.796,0.267,0.132,0.064,4.07
01/05/2017 07:20,2,35,8,36.63,NA,NA,1.802,0.264,0.131,0.063,4.05
01/05/2017 07:52,2,35,9,42.1,NA,NA,1.784,0.265,0.131,0.063,4.06
01/05/2017 09:31,2,35,10,43.67,NA,NA,1.822,0.265,0.13,0.063,4.03
01/05/2017 09:32,2,35,11,43.82,NA,NA,1.822,0.265,0.129,0.062,4.06
15/05/2017 10:50,2,36,1,53.49,NA,NA,2.176,0.321,0.152,0.065,4.58
15/05/2017 12:50,2,36,2,56.06,NA,NA,2.24,0.324,0.152,0.065,4.42
15/05/2017 14:50,2,36,3,60.65,NA,NA,2.336,0.332,0.155,0.064,4.33
15/05/2017 16:50,2,36,4,61.67,NA,NA,2.358,0.333,0.155,0.064,4.26
15/05/2017 18:50,2,36,5,60.92,NA,NA,2.315,0.329,0.154,0.064,4.2
15/05/2017 20:50,2,36,6,62.89,NA,NA,2.39,0.34,0.158,0.065,4.17
15/05/2017 22:50,2,36,7,65.05,NA,NA,2.445,0.348,0.162,0.066,4.12
16/05/2017 00:50,2,36,8,65.9,NA,NA,2.477,0.352,0.163,0.065,4.04
16/05/2017 02:50,2,36,9,66.06,NA,NA,2.513,0.359,0.167,0.067,4.04
16/05/2017 04:50,2,36,10,67,NA,NA,2.521,0.361,0.168,0.067,4.05
16/05/2017 06:50,2,36,11,66.31,NA,NA,2.532,0.363,0.168,0.068,4.02
16/05/2017 08:50,2,36,12,65.62,NA,NA,2.516,0.36,0.168,0.067,4.02
16/05/2017 10:50,2,36,13,64.22,NA,NA,2.469,0.354,0.164,0.066,4
16/05/2017 12:50,2,36,14,59.95,NA,NA,2.294,0.332,0.156,0.065,4.03
16/05/2017 14:50,2,36,15,59.67,NA,NA,2.298,0.331,0.155,0.064,4.02
16/05/2017 16:50,2,36,16,61.23,NA,NA,2.342,0.336,0.156,0.064,3.99
16/05/2017 18:50,2,36,17,62.42,NA,NA,2.374,0.341,0.159,0.065,4.01
16/05/2017 20:50,2,36,18,59.99,NA,NA,2.316,0.336,0.158,0.065,3.96
16/05/2017 22:50,2,36,19,59.73,NA,NA,2.318,0.339,0.159,0.065,4.04
17/05/2017 00:50,2,36,20,61.12,NA,NA,2.358,0.345,0.161,0.065,4.04
17/05/2017 02:50,2,36,21,62.38,NA,NA,2.396,0.349,0.163,0.065,4.04
17/05/2017 04:50,2,36,22,62.64,NA,NA,2.441,0.355,0.165,0.065,4.03
17/05/2017 06:50,2,36,23,62.7,NA,NA,2.419,0.353,0.164,0.065,4.04
17/05/2017 08:50,2,36,24,59.44,NA,NA,2.305,0.338,0.158,0.064,4.02
17/05/2017 12:40,2,36,25,56.66,NA,NA,2.218,0.329,0.156,0.064,4.65
17/05/2017 14:40,2,36,26,59.17,NA,NA,2.303,0.339,0.16,0.064,4.51
17/05/2017 16:40,2,36,27,61.35,NA,NA,2.434,0.365,0.175,0.07,4.3
17/05/2017 18:40,2,36,28,65.04,NA,NA,2.454,0.358,0.167,0.065,4.27
17/05/2017 20:40,2,36,29,65.08,NA,NA,2.466,0.363,0.17,0.066,4.18
17/05/2017 22:40,2,36,30,63.74,NA,NA,2.45,0.364,0.171,0.066,4.18
18/05/2017 00:40,2,36,31,64.26,NA,NA,2.47,0.367,0.172,0.066,4.11
18/05/2017 02:40,2,36,32,66.43,NA,NA,2.528,0.372,0.173,0.066,4.06
18/05/2017 04:40,2,36,33,67.97,NA,NA,2.556,0.376,0.175,0.066,3.99
18/05/2017 06:40,2,36,34,67.71,NA,NA,2.545,0.375,0.176,0.067,3.93
18/05/2017 08:40,2,36,35,66.37,NA,NA,2.52,0.375,0.176,0.067,3.95
18/05/2017 10:40,2,36,36,65.3,NA,NA,2.532,0.378,0.178,0.068,3.98
18/05/2017 12:40,2,36,37,67.1,NA,NA,2.562,0.384,0.18,0.068,3.97
18/05/2017 14:40,2,36,38,68.78,NA,NA,2.593,0.386,0.18,0.068,3.91
18/05/2017 16:40,2,36,39,63.48,NA,NA,2.402,0.358,0.169,0.066,3.93
18/05/2017 18:40,2,36,40,63.94,NA,NA,2.407,0.358,0.169,0.067,3.91
18/05/2017 20:40,2,36,41,65.02,NA,NA,2.464,0.368,0.173,0.067,3.94
18/05/2017 22:40,2,36,42,64.37,NA,NA,2.476,0.371,0.175,0.068,3.98
19/05/2017 00:40,2,36,43,64.14,NA,NA,2.472,0.375,0.176,0.068,3.94
19/05/2017 02:40,2,36,44,64.49,NA,NA,2.489,0.376,0.178,0.068,3.97
19/05/2017 04:40,2,36,45,66.82,NA,NA,2.555,0.38,0.178,0.068,3.97
19/05/2017 06:40,2,36,46,69.02,NA,NA,2.557,0.38,0.178,0.068,3.97
19/05/2017 08:40,2,36,47,67.02,NA,NA,2.524,0.378,0.177,0.068,3.93
19/05/2017 10:40,2,36,48,65.89,NA,NA,2.532,0.38,0.178,0.068,3.93
07/06/2017 15:00,2,37,1,52.85,NA,NA,2.028,0.305,0.149,0.065,4.56
07/06/2017 17:00,2,37,2,50.45,NA,NA,1.93,0.292,0.143,0.065,4.39
07/06/2017 19:00,2,37,3,48.12,NA,NA,1.858,0.281,0.138,0.063,4.29
07/06/2017 21:00,2,37,4,45.37,NA,NA,1.762,0.268,0.133,0.063,4.17
07/06/2017 23:00,2,37,5,42.66,NA,NA,1.696,0.26,0.13,0.062,4.18
08/06/2017 01:00,2,37,6,41.65,NA,NA,1.678,0.259,0.13,0.062,4.14
08/06/2017 03:00,2,37,7,43.03,NA,NA,1.715,0.261,0.13,0.062,4.09
08/06/2017 05:00,2,37,8,41.31,NA,NA,1.654,0.254,0.127,0.062,3.93
08/06/2017 07:00,2,37,9,39.08,NA,NA,1.587,0.245,0.123,0.061,4
08/06/2017 09:00,2,37,10,33.17,NA,NA,1.39,0.219,0.113,0.059,4.06
08/06/2017 11:00,2,37,11,34.39,NA,NA,1.414,0.22,0.114,0.06,4.06
08/06/2017 13:00,2,37,12,37.38,NA,NA,1.476,0.226,0.115,0.059,4.03
08/06/2017 15:00,2,37,13,40.24,NA,NA,1.556,0.237,0.119,0.06,4.05
08/06/2017 19:00,2,37,15,42.56,NA,NA,1.635,0.248,0.124,0.061,4.05
08/06/2017 21:00,2,37,16,42.69,NA,NA,1.665,0.253,0.126,0.061,4.08
08/06/2017 23:00,2,37,17,43.62,NA,NA,1.668,0.255,0.127,0.061,4.03
09/06/2017 01:00,2,37,18,43.46,NA,NA,1.681,0.258,0.129,0.062,4.04
09/06/2017 03:00,2,37,19,43.54,NA,NA,1.69,0.26,0.13,0.062,4.03
09/06/2017 05:00,2,37,20,43.39,NA,NA,1.697,0.264,0.133,0.065,4.05
09/06/2017 07:00,2,37,21,43.84,NA,NA,1.693,0.26,0.13,0.062,4.05
09/06/2017 09:00,2,37,22,43.83,NA,NA,1.703,0.262,0.13,0.062,4.05
09/06/2017 11:00,2,37,23,44.44,NA,NA,1.723,0.266,0.132,0.062,4.06
09/06/2017 13:00,2,37,24,45.87,NA,NA,1.757,0.269,0.134,0.063,4.12
26/07/2017 06:00,2,38,4,57.69,NA,NA,2.261,0.327,0.155,0.066,4.24
26/07/2017 07:00,2,38,5,58.59,NA,NA,2.224,0.318,0.151,0.065,4.16
26/07/2017 08:00,2,38,6,59.98,NA,NA,2.21,0.318,0.15,0.065,4.12
26/07/2017 09:00,2,38,7,59.78,NA,NA,2.225,0.318,0.15,0.064,4.1
26/07/2017 10:00,2,38,8,57.51,NA,NA,2.177,0.31,0.146,0.063,4.07
26/07/2017 11:00,2,38,9,56.37,NA,NA,2.085,0.298,0.141,0.062,4.05
26/07/2017 12:00,2,38,10,54.87,NA,NA,2.057,0.297,0.141,0.063,4.04
26/07/2017 13:00,2,38,11,56.04,NA,NA,2.082,0.302,0.144,0.063,4.04
26/07/2017 14:00,2,38,12,55.77,NA,NA,2.094,0.304,0.144,0.063,4.01
26/07/2017 15:00,2,38,13,55.28,NA,NA,2.131,0.308,0.146,0.064,4
26/07/2017 16:00,2,38,14,55.96,NA,NA,2.122,0.308,0.146,0.063,4
26/07/2017 17:00,2,38,15,56.51,NA,NA,2.131,0.308,0.145,0.063,3.99
26/07/2017 18:00,2,38,16,56.46,NA,NA,2.121,0.306,0.145,0.063,3.96
26/07/2017 19:00,2,38,17,56.75,NA,NA,2.129,0.306,0.145,0.063,3.97
26/07/2017 20:00,2,38,18,56.74,NA,NA,2.116,0.304,0.144,0.063,3.96
26/07/2017 21:00,2,38,19,55.99,NA,NA,2.121,0.306,0.145,0.063,3.93
26/07/2017 22:00,2,38,20,56.76,NA,NA,2.133,0.306,0.145,0.063,3.94
26/07/2017 23:00,2,38,21,56.33,NA,NA,2.132,0.307,0.145,0.064,3.97
27/07/2017 00:00,2,38,22,57.28,NA,NA,2.37,0.306,0.145,0.064,3.98
27/07/2017 01:00,2,38,23,56.41,NA,NA,2.131,0.307,0.146,0.064,4.01
27/07/2017 02:00,2,38,24,56.7,NA,NA,2.121,0.307,0.145,0.064,3.98
28/07/2017 11:00,2,39,3,54.92,NA,NA,2.107,0.302,0.144,0.064,4.02
28/07/2017 13:00,2,39,4,49.59,NA,NA,2.093,0.296,0.141,0.063,4.01
28/07/2017 15:00,2,39,5,53.77,NA,NA,2.015,0.288,0.138,0.063,4.02
28/07/2017 17:00,2,39,6,47.9,NA,NA,1.851,0.267,0.129,0.062,4.02
28/07/2017 19:00,2,39,7,42.35,NA,NA,1.789,0.255,0.125,0.061,3.43
28/07/2017 21:00,2,39,8,45.74,NA,NA,1.841,0.269,0.131,0.061,4.12
28/07/2017 23:00,2,39,9,47.7,NA,NA,1.887,0.276,0.133,0.062,4.04
29/07/2017 01:00,2,39,10,48.61,NA,NA,1.934,0.28,0.135,0.063,4.04
29/07/2017 03:00,2,39,11,49.93,NA,NA,1.958,0.281,0.136,0.062,4.05
29/07/2017 05:00,2,39,12,51.46,NA,NA,1.991,0.285,0.137,0.062,4
29/07/2017 07:00,2,39,13,52.81,NA,NA,2.009,0.286,0.137,0.062,4
29/07/2017 09:00,2,39,14,53.17,NA,NA,2.018,0.286,0.136,0.062,3.97
29/07/2017 11:00,2,39,15,52.47,NA,NA,2.028,0.289,0.139,0.064,3.96
29/07/2017 13:00,2,39,16,53.29,NA,NA,2.041,0.288,0.137,0.062,3.97
29/07/2017 15:00,2,39,17,52.45,NA,NA,2.037,0.291,0.14,0.065,4.01
29/07/2017 17:00,2,39,18,50.52,NA,NA,1.941,0.276,0.133,0.061,4.01
29/07/2017 19:00,2,39,19,48.92,NA,NA,1.875,0.27,0.131,0.061,3.68
29/07/2017 21:00,2,39,20,43.35,NA,NA,1.775,0.26,0.127,0.061,4.03
29/07/2017 23:00,2,39,21,41.48,NA,NA,1.796,0.262,0.128,0.061,4.04
30/07/2017 01:00,2,39,22,45.65,NA,NA,1.852,0.273,0.133,0.062,4.01
30/07/2017 03:00,2,39,23,49.45,NA,NA,1.915,0.277,0.133,0.061,4.01
30/07/2017 05:00,2,39,24,50.92,NA,NA,1.954,0.281,0.134,0.061,4.01
16/08/2017 21:00,2,40,4,53.72,NA,NA,1.973,0.288,0.138,0.064,4.48
16/08/2017 22:00,2,40,5,52.34,NA,NA,1.927,0.285,0.14,0.066,4.41
16/08/2017 23:00,2,40,6,50.05,NA,NA,1.86,0.271,0.132,0.063,4.39
17/08/2017 00:00,2,40,7,45.96,NA,NA,1.775,0.26,0.127,0.062,4.36
17/08/2017 01:00,2,40,8,46.88,NA,NA,1.783,0.262,0.128,0.062,4.27
17/08/2017 02:00,2,40,9,47.36,NA,NA,1.835,0.27,0.131,0.062,4.24
17/08/2017 03:00,2,40,10,47.15,NA,NA,1.838,0.274,0.135,0.064,4.15
17/08/2017 04:00,2,40,11,47.53,NA,NA,1.858,0.274,0.133,0.063,4.09
17/08/2017 05:00,2,40,12,46.9,NA,NA,1.893,0.276,0.133,0.062,4.03
17/08/2017 06:00,2,40,13,43.25,NA,NA,1.932,0.278,0.134,0.063,3.97
17/08/2017 07:00,2,40,14,49.62,NA,NA,1.912,0.279,0.135,0.063,3.95
17/08/2017 08:00,2,40,15,49.53,NA,NA,1.903,0.276,0.134,0.062,3.86
17/08/2017 09:00,2,40,16,51.07,NA,NA,1.93,0.281,0.137,0.064,3.8
17/08/2017 10:00,2,40,17,51.52,NA,NA,1.951,0.279,0.134,0.062,3.74
17/08/2017 11:00,2,40,18,51.86,NA,NA,1.945,0.283,0.138,0.064,4.68
17/08/2017 13:00,2,40,19,50.52,NA,NA,1.959,0.287,0.139,0.064,4.58
17/08/2017 15:00,2,40,20,51.57,NA,NA,1.961,0.284,0.137,0.062,4.53
17/08/2017 17:00,2,40,21,53.43,NA,NA,1.985,0.289,0.139,0.063,4.48
17/08/2017 19:00,2,40,22,52.22,NA,NA,2.018,0.29,0.139,0.063,4.44
17/08/2017 21:00,2,40,23,54.26,NA,NA,2.008,0.292,0.14,0.064,4.38
17/08/2017 22:00,2,40,24,53.57,NA,NA,2.015,0.292,0.14,0.063,4.33
17/08/2017 23:00,2,40,25,52.89,NA,NA,1.989,0.288,0.138,0.062,4.26
18/08/2017 01:00,2,40,26,51.68,NA,NA,1.986,0.289,0.14,0.064,4.2
18/08/2017 03:00,2,40,27,53.24,NA,NA,1.977,0.29,0.141,0.065,4.16
18/08/2017 07:00,2,40,28,53.43,NA,NA,1.964,0.288,0.138,0.063,4.07
18/08/2017 09:00,2,40,29,53.16,NA,NA,1.961,0.285,0.137,0.063,4
30/09/2017 18:00,2,41,1,41.06,NA,NA,1.554,0.243,0.124,0.062,4.52
30/09/2017 20:00,2,41,2,35.46,NA,NA,1.468,0.236,0.122,0.062,4.55
30/09/2017 22:00,2,41,3,34.94,NA,NA,1.476,0.235,0.12,0.061,4.51
01/10/2017 00:00,2,41,4,38.3,NA,NA,1.513,0.241,0.123,0.062,4.49
01/10/2017 02:00,2,41,5,40.13,NA,NA,1.545,0.244,0.123,0.061,4.42
01/10/2017 04:00,2,41,6,41.08,NA,NA,1.584,0.246,0.123,0.061,4.3
01/10/2017 06:00,2,41,7,42,NA,NA,1.608,0.249,0.125,0.061,4.2
01/10/2017 08:00,2,41,8,42.82,NA,NA,1.625,0.251,0.125,0.061,4.2
01/10/2017 10:00,2,41,9,44.06,NA,NA,1.639,0.251,0.125,0.061,4.11
01/10/2017 12:00,2,41,10,43.41,NA,NA,1.621,0.25,0.125,0.061,4.03
01/10/2017 14:00,2,41,11,43.04,NA,NA,1.611,0.249,0.124,0.061,3.95
01/10/2017 16:00,2,41,12,44.11,NA,NA,1.641,0.254,0.127,0.062,3.85
01/10/2017 18:00,2,41,13,45.46,NA,NA,1.682,0.257,0.128,0.062,3.78
01/10/2017 20:00,2,41,14,46.33,NA,NA,1.701,0.26,0.129,0.062,3.75
01/10/2017 22:00,2,41,15,45.49,NA,NA,1.725,0.265,0.131,0.063,3.71
02/10/2017 00:00,2,41,16,45.07,NA,NA,1.72,0.262,0.129,0.062,3.74
02/10/2017 02:00,2,41,17,46.43,NA,NA,1.732,0.265,0.13,0.062,3.73
02/10/2017 04:00,2,41,18,46.62,NA,NA,1.738,0.266,0.131,0.062,3.73
02/10/2017 06:00,2,41,19,47.49,NA,NA,1.769,0.271,0.134,0.064,3.72
02/10/2017 08:00,2,41,20,47.32,NA,NA,1.756,0.268,0.131,0.062,3.7
02/10/2017 10:00,2,41,21,48.27,NA,NA,1.77,0.267,0.131,0.062,3.69
02/10/2017 12:00,2,41,22,48.69,NA,NA,1.774,0.268,0.132,0.063,3.62
02/10/2017 14:00,2,41,23,47.71,NA,NA,1.764,0.271,0.133,0.063,3.68
02/10/2017 16:00,2,41,24,47.94,NA,NA,1.754,0.267,0.132,0.063,3.68
23/10/2017 00:00,2,42,1,28.87,NA,NA,1.177,0.188,0.098,0.058,4.39
23/10/2017 02:00,2,42,2,27.58,NA,NA,1.108,0.173,0.091,0.056,4.18
23/10/2017 04:00,2,42,3,25.5,NA,NA,1.052,0.168,0.089,0.056,4.13
23/10/2017 06:00,2,42,4,23.41,NA,NA,1.003,0.165,0.089,0.056,4.11
23/10/2017 08:00,2,42,5,22.72,NA,NA,1.015,0.166,0.09,0.056,4.07
23/10/2017 10:00,2,42,6,24.12,NA,NA,1.026,0.168,0.09,0.056,4.03
23/10/2017 12:00,2,42,7,25.76,NA,NA,1.056,0.17,0.091,0.056,3.99
23/10/2017 14:00,2,42,8,27.36,NA,NA,1.089,0.174,0.092,0.056,3.96
23/10/2017 16:00,2,42,9,27.86,NA,NA,1.107,0.176,0.093,0.056,3.94
23/10/2017 18:00,2,42,10,27.06,NA,NA,1.114,0.177,0.093,0.057,3.96
23/10/2017 20:00,2,42,11,27.82,NA,NA,1.122,0.177,0.093,0.057,3.94
23/10/2017 22:00,2,42,12,28.42,NA,NA,1.135,0.18,0.094,0.057,3.91
24/10/2017 00:00,2,42,13,27.59,NA,NA,1.161,0.182,0.095,0.057,3.94
24/10/2017 02:00,2,42,14,29.68,NA,NA,1.169,0.185,0.097,0.058,3.92
24/10/2017 04:00,2,42,15,30.06,NA,NA,1.185,0.187,0.098,0.058,3.92
24/10/2017 06:00,2,42,16,30.89,NA,NA,1.199,0.19,0.099,0.058,3.94
24/10/2017 08:00,2,42,17,31.19,NA,NA,1.22,0.192,0.099,0.058,3.91
24/10/2017 10:00,2,42,18,31.1,NA,NA,1.22,0.196,0.102,0.06,3.84
24/10/2017 12:00,2,42,19,31.18,NA,NA,1.224,0.195,0.1,0.058,3.88
24/10/2017 14:00,2,42,20,32.39,NA,NA,1.238,0.195,0.1,0.057,3.91
24/10/2017 16:00,2,42,21,32.96,NA,NA,1.257,0.197,0.1,0.057,3.91
24/10/2017 18:00,2,42,22,32.122,NA,NA,1.263,0.198,0.1,0.057,3.96
24/10/2017 20:00,2,42,23,32.013,NA,NA,1.274,0.198,0.101,0.057,3.93
24/10/2017 22:00,2,42,24,32.803,NA,NA,1.273,0.199,0.101,0.058,3.94
10/11/2017 00:00,2,43,1,39.225,NA,10.01,1.487,0.232,0.116,0.06,4.65
10/11/2017 02:00,2,43,2,40.146,NA,9.973,1.53,0.236,0.117,0.06,4.42
10/11/2017 04:00,2,43,3,NA,NA,9.895,1.523,0.236,0.117,0.06,4.34
10/11/2017 06:00,2,43,4,38.686,NA,9.829,1.488,0.232,0.116,0.059,4.24
10/11/2017 08:00,2,43,5,38.595,NA,9.987,1.501,0.236,0.117,0.06,4.19
10/11/2017 10:00,2,43,6,40.171,NA,9.863,1.511,0.237,0.118,0.06,4.14
10/11/2017 12:00,2,43,7,38.95,NA,10.17,1.536,0.238,0.119,0.061,4.07
10/11/2017 14:00,2,43,8,NA,NA,10.03,1.536,0.237,0.117,0.059,4.05
10/11/2017 16:00,2,43,9,41.575,NA,10.1,1.54,0.237,0.117,0.06,4.03
10/11/2017 18:00,2,43,10,41.671,NA,10.11,1.554,0.237,0.117,0.06,4.04
10/11/2017 20:00,2,43,11,40.782,NA,9.918,1.537,0.235,0.116,0.06,4.01
10/11/2017 22:00,2,43,12,37.383,NA,9.515,1.424,0.236,0.115,0.061,4.04
11/11/2017 00:00,2,43,13,33.81,NA,9.15,1.358,0.218,0.11,0.059,4.09
11/11/2017 02:00,2,43,14,33.426,NA,9.18,1.331,0.218,0.111,0.059,4.09
11/11/2017 04:00,2,43,15,32.839,NA,8.935,1.302,0.212,0.108,0.059,4.04
11/11/2017 06:00,2,43,16,32.042,NA,8.949,1.277,0.209,0.107,0.058,4.1
11/11/2017 08:00,2,43,17,30.823,NA,8.658,1.219,0.201,0.104,0.058,4.11
11/11/2017 10:00,2,43,18,31.514,NA,8.614,1.251,0.205,0.105,0.058,4.15
11/11/2017 12:00,2,43,19,32.343,NA,8.724,1.274,0.208,0.106,0.058,4.12
11/11/2017 14:00,2,43,20,31.47,NA,8.642,1.267,0.206,0.105,0.058,4.12
11/11/2017 16:00,2,43,21,NA,NA,8.387,1.237,0.204,0.105,0.058,4.14
11/11/2017 18:00,2,43,22,30.674,NA,8.227,1.218,0.202,0.105,0.058,4.15
11/11/2017 20:00,2,43,23,29.913,NA,7.957,1.186,0.199,0.103,0.057,4.11
11/11/2017 22:00,2,43,24,28.568,NA,7.826,1.16,0.195,0.102,0.057,4.27
23/01/2018 02:00,2,44,1,20.83,NA,6.777,0.925,0.173,0.096,0.058,5.24
23/01/2018 04:00,2,44,2,20.74,NA,5.278,0.889,0.166,0.093,0.057,4.71
23/01/2018 06:00,2,44,3,20.41,NA,5.18,0.879,0.165,0.093,0.057,4.46
23/01/2018 08:00,2,44,4,19.6,NA,5.243,0.876,0.164,0.092,0.057,3.97
23/01/2018 10:00,2,44,5,20.1,NA,5.255,0.884,0.166,0.093,0.057,4.19
23/01/2018 12:00,2,44,6,19.8,NA,5.525,0.893,0.167,0.093,0.057,4.04
23/01/2018 14:00,2,44,7,20.45,NA,5.347,0.897,0.168,0.093,0.057,3.99
23/01/2018 16:00,2,44,8,20.36,NA,5.403,0.895,0.167,0.093,0.057,3.88
23/01/2018 18:00,2,44,9,20.91,NA,5.576,0.91,0.17,0.095,0.057,3.77
23/01/2018 20:00,2,44,10,22.03,NA,5.544,0.936,0.173,0.096,0.057,3.68
23/01/2018 22:00,2,44,11,22.22,NA,5.676,0.96,0.177,0.098,0.058,3.67
24/01/2018 00:00,2,44,12,21.66,NA,5.854,0.974,0.179,0.098,0.058,3.71
24/01/2018 02:00,2,44,13,22.96,NA,5.745,0.979,0.181,0.1,0.059,3.59
24/01/2018 04:00,2,44,14,20.54,NA,5.831,0.932,0.174,0.097,0.057,3.66
24/01/2018 06:00,2,44,15,18.58,NA,5.386,0.878,0.17,0.095,0.058,3.69
24/01/2018 08:00,2,44,16,17.98,NA,5.396,0.854,0.165,0.093,0.057,3.55
24/01/2018 10:00,2,44,17,15.85,NA,4.938,0.778,0.154,0.089,0.056,3.53
24/01/2018 12:00,2,44,18,15.46,NA,4.708,0.738,0.147,0.086,0.056,3.52
24/01/2018 14:00,2,44,19,16.13,NA,4.655,0.757,0.15,0.087,0.056,3.48
24/01/2018 16:00,2,44,20,17.21,NA,5.178,0.799,0.156,0.089,0.057,3.53
24/01/2018 18:00,2,44,21,18.67,NA,5.44,0.84,0.16,0.091,0.057,3.5
24/01/2018 20:00,2,44,22,18.53,NA,5.086,0.88,0.166,0.094,0.058,3.45
24/01/2018 22:00,2,44,23,19.9,NA,5.104,0.889,0.168,0.094,0.057,3.43
25/01/2018 00:00,2,44,24,19.89,NA,5.275,0.911,0.171,0.096,0.057,3.5
27/01/2018 04:00,2,45,1,24.37,NA,5.65,0.986,0.182,0.101,0.058,3.43
27/01/2018 06:00,2,45,2,23.44,NA,5.567,0.995,0.183,0.1,0.058,3.43
27/01/2018 08:00,2,45,3,23.29,NA,5.909,0.988,0.182,0.1,0.058,3.44
27/01/2018 10:00,2,45,4,23.09,NA,5.484,0.961,0.177,0.097,0.057,3.45
27/01/2018 12:00,2,45,5,20.97,NA,5.326,0.906,0.169,0.094,0.057,3.48
27/01/2018 14:00,2,45,6,18.93,NA,5.153,0.851,0.162,0.091,0.056,3.5
27/01/2018 16:00,2,45,7,NA,NA,5.349,0.867,0.163,0.092,0.056,3.42
27/01/2018 18:00,2,45,8,19.66,NA,5.474,0.884,0.166,0.093,0.057,3.53
27/01/2018 20:00,2,45,9,20.52,NA,5.71,0.921,0.171,0.095,0.058,3.58
27/01/2018 22:00,2,45,10,21.21,NA,5.694,0.936,0.174,0.096,0.057,3.52
28/01/2018 00:00,2,45,11,22.5,NA,5.861,0.965,0.178,0.098,0.058,3.5
28/01/2018 02:00,2,45,12,22.22,NA,5.886,0.976,0.18,0.099,0.058,3.48
28/01/2018 04:00,2,45,13,22.74,NA,6.24,0.989,0.184,0.101,0.059,3.43
28/01/2018 06:00,2,45,14,23.55,NA,6.143,1.018,0.193,0.108,0.061,3.46
28/01/2018 08:00,2,45,15,23.77,NA,6.231,1.03,0.197,0.109,0.061,3.45
28/01/2018 10:00,2,45,16,23.9,NA,5.919,1.017,0.188,0.103,0.058,3.47
28/01/2018 12:00,2,45,17,21.75,NA,6.444,1.041,0.189,0.103,0.059,3.49
28/01/2018 14:00,2,45,18,NA,NA,6.09,1.041,0.19,0.103,0.058,3.42
28/01/2018 16:00,2,45,19,25.17,NA,6.529,1.059,0.194,0.105,0.059,3.42
28/01/2018 18:00,2,45,20,26.16,NA,6.437,1.081,0.196,0.106,0.058,3.44
28/01/2018 20:00,2,45,21,NA,NA,6.303,1.102,0.198,0.107,0.059,3.41
28/01/2018 22:00,2,45,22,27.39,NA,6.323,1.108,0.201,0.108,0.059,3.41
29/01/2018 00:00,2,45,23,26.35,NA,6.853,1.087,0.199,0.107,0.059,3.43
29/01/2018 02:00,2,45,24,26.84,NA,6.363,1.118,0.204,0.109,0.059,3.43